{
  "precision": 1.0,
  "recall": 1.0,
  "f1": 1.0,
  "pr_auc": 0.9999999999999999,
  "threshold": 18.540515899658203
}